,extractor,reliable_positive_threshold,algorithn,prior,balanced_accuracy,accuracy,f1
0,clip-ViT-B-32,5.386517,probtag,0.1,0.5083584254044167,0.301905265425209,0.03340292275574113
1,clip-ViT-B-32,5.386517,probtag,0.2,0.5056345637517655,0.29800857663161606,0.022681424131726732
2,clip-ViT-B-32,5.386517,probtag,0.3,0.5041164656843088,0.29579588400007834,0.016463831532886643
3,clip-ViT-B-32,5.386517,probtag,0.4,0.5031237182558005,0.2943860267481251,0.01255035212232483
4,clip-ViT-B-32,5.386517,probtag,0.5,0.502385351460166,0.2933090524584386,0.009496102755516522
5,clip-ViT-B-32,5.386517,probtag,0.6,0.5016683672062433,0.2922908222209168,0.00665127528583993
6,clip-ViT-B-32,5.386517,probtag,0.7,0.501020323745967,0.2913704987370029,0.004072983460384732
7,clip-ViT-B-32,5.386517,probtag,0.8,0.5006204671428177,0.29080263956607727,0.0024787925526054866
8,clip-ViT-B-32,5.386517,probtag,0.9,0.5003860684444199,0.2904697566038105,0.001543082306908049
9,clip-ViT-B-32,5.386517,nnpu,0.1,0.5,0.28992147878360647,0.0
10,clip-ViT-B-32,5.386517,nnpu,0.2,0.5010754763808841,0.29144882413988915,0.004292672188437302
11,clip-ViT-B-32,5.386517,nnpu,0.3,0.5479598537094053,0.359337367091582,0.18
12,clip-ViT-B-32,5.386517,nnpu,0.4,0.7074098583803932,0.6152656210225381,0.6430751344281355
13,clip-ViT-B-32,5.386517,nnpu,0.5,0.7488638225680357,0.7420157042432787,0.8012970364225925
14,clip-ViT-B-32,5.386517,nnpu,0.6,0.7387891643913536,0.780688871918385,0.8444746854778237
15,clip-ViT-B-32,5.386517,nnpu,0.7,0.6429886426882534,0.7764788815132467,0.8592322205916808
16,clip-ViT-B-32,5.386517,nnpu,0.8,0.6163746038632942,0.7670602518161703,0.8559980631884759
17,clip-ViT-B-32,5.386517,nnpu,0.9,0.5115761389332943,0.7165012042530694,0.8334981714469719
18,clip-ViT-B-32,5.475771,probtag,0.1,0.506805156636519,0.299614247390785,0.02698585418933624
19,clip-ViT-B-32,5.475771,probtag,0.2,0.5048334499382315,0.2968141142376001,0.019280661987601387
20,clip-ViT-B-32,5.475771,probtag,0.3,0.5036262857458015,0.29507137402338013,0.014400700870612715
21,clip-ViT-B-32,5.475771,probtag,0.4,0.5025508093649174,0.29354402866709745,0.010151448639157156
22,clip-ViT-B-32,5.475771,probtag,0.5,0.5019854948570168,0.29274119328751297,0.007910566649270744
23,clip-ViT-B-32,5.475771,probtag,0.6,0.5014201803491162,0.2919383579079285,0.005664631798933069
24,clip-ViT-B-32,5.475771,probtag,0.7,0.5010341119046963,0.29139008008772443,0.0041279101766745555
25,clip-ViT-B-32,5.475771,probtag,0.8,0.500634255301547,0.2908222209167988,0.0025338070450852406
26,clip-ViT-B-32,5.475771,probtag,0.9,0.500289551333315,0.29033268714875954,0.0011575350016536214
27,clip-ViT-B-32,5.475771,nnpu,0.1,0.5,0.28992147878360647,0.0
28,clip-ViT-B-32,5.475771,nnpu,0.2,0.5018062487935361,0.29248663572813255,0.007198988844314998
29,clip-ViT-B-32,5.475771,nnpu,0.3,0.5630077459651904,0.38119015449685717,0.23015834348355665
30,clip-ViT-B-32,5.475771,nnpu,0.4,0.689291439281093,0.5839158785173001,0.599460896118829
31,clip-ViT-B-32,5.475771,nnpu,0.5,0.7478164812574968,0.7204370557481055,0.7761769639581733
32,clip-ViT-B-32,5.475771,nnpu,0.6,0.7397170163971138,0.7709961033112064,0.834683290219527
33,clip-ViT-B-32,5.475771,nnpu,0.7,0.6822508102093793,0.784761792868472,0.8593797973595333
34,clip-ViT-B-32,5.475771,nnpu,0.8,0.5960233141727904,0.7579940864320821,0.8520677479202825
35,clip-ViT-B-32,5.475771,nnpu,0.9,0.5176367657298409,0.7198300338757367,0.8350700848395426
36,clip-ViT-B-32,5.566116,probtag,0.1,0.5032953699362988,0.2946014216060624,0.01309517286724015
37,clip-ViT-B-32,5.566116,probtag,0.2,0.5023164106665196,0.2932111457048307,0.009222914550794653
38,clip-ViT-B-32,5.566116,probtag,0.3,0.5017924606348069,0.29246705437741094,0.007144231033440496
39,clip-ViT-B-32,5.566116,probtag,0.4,0.5013374513967405,0.29182086980359906,0.005335533553355336
40,clip-ViT-B-32,5.566116,probtag,0.5,0.5009651711110499,0.2912921733341166,0.003853246360058349
41,clip-ViT-B-32,5.566116,probtag,0.6,0.5005791026666299,0.29074389551391255,0.0023137308910618376
42,clip-ViT-B-32,5.566116,probtag,0.7,0.500289551333315,0.29033268714875954,0.0011575350016536214
43,clip-ViT-B-32,5.566116,probtag,0.8,0.50019303422221,0.2901956176937085,0.0007718389061940073
44,clip-ViT-B-32,5.566116,probtag,0.9,0.5001240934285636,0.2900977109401007,0.0004962505513895015
45,clip-ViT-B-32,5.566116,nnpu,0.1,0.5,0.28992147878360647,0.0
46,clip-ViT-B-32,5.566116,nnpu,0.2,0.5060681904481201,0.2985960171532632,0.024244075183873604
47,clip-ViT-B-32,5.566116,nnpu,0.3,0.6025026973888722,0.4394642542442578,0.35205975554549573
48,clip-ViT-B-32,5.566116,nnpu,0.4,0.6566603135470133,0.5266208463059782,0.5101614896764127
49,clip-ViT-B-32,5.566116,nnpu,0.5,0.7442393713532365,0.7033816992696156,0.7559608196932595
50,clip-ViT-B-32,5.566116,nnpu,0.6,0.7393482534608438,0.7742466075309875,0.8380189673340358
51,clip-ViT-B-32,5.566116,nnpu,0.7,0.6691324211151092,0.7832148661614678,0.8603785958407426
52,clip-ViT-B-32,5.566116,nnpu,0.8,0.596255129570343,0.758777340460945,0.8526734994080152
53,clip-ViT-B-32,5.566116,nnpu,0.9,0.5136299208430803,0.7177152479978068,0.8341005339716443
54,clip-ViT-B-32,5.660284,probtag,0.1,0.5019027659046411,0.29262370518318354,0.007582209279964836
55,clip-ViT-B-32,5.660284,probtag,0.2,0.5012960869205526,0.29176212575143434,0.005170943697224744
56,clip-ViT-B-32,5.660284,probtag,0.3,0.5008686539999448,0.29115510387906557,0.0034685899906403126
57,clip-ViT-B-32,5.660284,probtag,0.4,0.5006894079364642,0.29090054631968515,0.002753834714840415
58,clip-ViT-B-32,5.660284,probtag,0.5,0.5004274329206078,0.29052850065597524,0.0017082713396153635
59,clip-ViT-B-32,5.660284,probtag,0.6,0.500289551333315,0.29033268714875954,0.0011575350016536214
60,clip-ViT-B-32,5.660284,probtag,0.7,0.50019303422221,0.2901956176937085,0.0007718389061940073
61,clip-ViT-B-32,5.660284,probtag,0.8,0.500096517111105,0.2900585482386575,0.0003859939343810311
62,clip-ViT-B-32,5.660284,probtag,0.9,0.5000551526349172,0.2899998041864928,0.00022058620784735434
63,clip-ViT-B-32,5.660284,nnpu,0.1,0.5000275763174585,0.28996064148504963,0.00011029918654349926
64,clip-ViT-B-32,5.660284,nnpu,0.2,0.5077717283548044,0.3010436859934598,0.031001438770801096
65,clip-ViT-B-32,5.660284,nnpu,0.3,0.5671506052733482,0.38761283753353304,0.24488120533127292
66,clip-ViT-B-32,5.660284,nnpu,0.4,0.6929029720881812,0.5901231666960387,0.6083376992740064
67,clip-ViT-B-32,5.660284,nnpu,0.5,0.7491930565313503,0.7273296912020991,0.7840650053499155
68,clip-ViT-B-32,5.660284,nnpu,0.6,0.712786598650249,0.784624723413421,0.8535321925560956
69,clip-ViT-B-32,5.660284,nnpu,0.7,0.6228390087769984,0.7686071785231745,0.8561551289698237
70,clip-ViT-B-32,5.660284,nnpu,0.8,0.5887176136629743,0.7546848381601363,0.8506330924958866
71,clip-ViT-B-32,5.660284,nnpu,0.9,0.5107208996588996,0.7161095772386379,0.8333409968732757
72,clip-ViT-B-32,5.758871,probtag,0.1,0.5011030526983427,0.2914879868413323,0.004402498417852132
73,clip-ViT-B-32,5.758871,probtag,0.2,0.5007031960951934,0.2909201276704067,0.002808834058489839
74,clip-ViT-B-32,5.758871,probtag,0.3,0.5004550092380663,0.2905676633574184,0.0018183821908750277
75,clip-ViT-B-32,5.758871,probtag,0.4,0.5002757631745857,0.29031310579803793,0.0011024446710580715
76,clip-ViT-B-32,5.758871,probtag,0.5,0.50019303422221,0.2901956176937085,0.0007718389061940073
77,clip-ViT-B-32,5.758871,probtag,0.6,0.5001516697460221,0.2901368736415438,0.0006064950102001433
78,clip-ViT-B-32,5.758871,probtag,0.7,0.5001103052698342,0.29007812958937906,0.0004411237627856966
79,clip-ViT-B-32,5.758871,probtag,0.8,0.5000689407936464,0.29001938553721435,0.00027572515716333963
80,clip-ViT-B-32,5.758871,probtag,0.9,0.5000413644761879,0.2899802228357712,0.00016544421772459052
81,clip-ViT-B-32,5.758871,nnpu,0.1,0.5,0.28992147878360647,0.0
82,clip-ViT-B-32,5.758871,nnpu,0.2,0.5219501573502141,0.32134954669173077,0.08520297735311197
83,clip-ViT-B-32,5.758871,nnpu,0.3,0.5849689526537352,0.4144784507235309,0.30295118653550285
84,clip-ViT-B-32,5.758871,nnpu,0.4,0.6884517622058423,0.5827801601754489,0.5979583750023587
85,clip-ViT-B-32,5.758871,nnpu,0.5,0.7436793500976806,0.7307368462276528,0.7899103173269368
86,clip-ViT-B-32,5.758871,nnpu,0.6,0.7337391809470153,0.7697428968650257,0.8348199862338282
87,clip-ViT-B-32,5.758871,nnpu,0.7,0.6892498093972841,0.782470774834048,0.8560805296091412
88,clip-ViT-B-32,5.758871,nnpu,0.8,0.6025722844733573,0.7608529636374317,0.8532743851892788
89,clip-ViT-B-32,5.758871,nnpu,0.9,0.5061909140008569,0.7135640016448335,0.8321244950422328
90,clip-ViT-B-32,5.865385,probtag,0.1,0.5008962303174034,0.29119426658050873,0.0035785069367980623
91,clip-ViT-B-32,5.865385,probtag,0.2,0.5004825855555249,0.29060682605886157,0.0019284809080390103
92,clip-ViT-B-32,5.865385,probtag,0.3,0.500344703968232,0.2904110125516458,0.0013778659611992945
93,clip-ViT-B-32,5.865385,probtag,0.4,0.5002757631745857,0.29031310579803793,0.0011024446710580715
94,clip-ViT-B-32,5.865385,probtag,0.5,0.5001103052698342,0.29007812958937906,0.0004411237627856966
95,clip-ViT-B-32,5.865385,probtag,0.6,0.5001103052698342,0.29007812958937906,0.0004411237627856966
96,clip-ViT-B-32,5.865385,probtag,0.7,0.5000551526349172,0.2899998041864928,0.00022058620784735434
97,clip-ViT-B-32,5.865385,probtag,0.8,0.5000275763174585,0.28996064148504963,0.00011029918654349926
98,clip-ViT-B-32,5.865385,probtag,0.9,0.5000137881587293,0.2899410601343281,5.515111405250386e-05
99,clip-ViT-B-32,5.865385,nnpu,0.1,0.5000551526349172,0.2899998041864928,0.00022058620784735434
100,clip-ViT-B-32,5.865385,nnpu,0.2,0.5168243548641966,0.3139282147682547,0.06560524841987359
101,clip-ViT-B-32,5.865385,nnpu,0.3,0.5919080069694663,0.4247586598523566,0.3239362069362299
102,clip-ViT-B-32,5.865385,nnpu,0.4,0.6876698834604262,0.583230531242045,0.5993977037455298
103,clip-ViT-B-32,5.865385,nnpu,0.5,0.7410217211496859,0.7234721651099493,0.7821889073971251
104,clip-ViT-B-32,5.865385,nnpu,0.6,0.7327482690217391,0.7569562748438388,0.8220093498150113
105,clip-ViT-B-32,5.865385,nnpu,0.7,0.6617914251167074,0.7759110223423211,0.8553955016426585
106,clip-ViT-B-32,5.865385,nnpu,0.8,0.6128437149290602,0.7645146762223658,0.8545018994845985
107,clip-ViT-B-32,5.865385,nnpu,0.9,0.504631295937659,0.7126828408623627,0.8317027011527212
108,clip-ViT-B-32,5.987416,probtag,0.1,0.5002343986983978,0.2902543617458732,0.0009371554575523704
109,clip-ViT-B-32,5.987416,probtag,0.2,0.5000827289523757,0.29003896688793596,0.00033086106592406737
110,clip-ViT-B-32,5.987416,probtag,0.3,0.5000275763174585,0.28996064148504963,0.00011029918654349926
111,clip-ViT-B-32,5.987416,probtag,0.4,0.5000275763174585,0.28996064148504963,0.00011029918654349926
112,clip-ViT-B-32,5.987416,probtag,0.5,0.5000137881587293,0.2899410601343281,5.515111405250386e-05
113,clip-ViT-B-32,5.987416,probtag,0.6,0.5000137881587293,0.2899410601343281,5.515111405250386e-05
114,clip-ViT-B-32,5.987416,probtag,0.7,0.5000137881587293,0.2899410601343281,5.515111405250386e-05
115,clip-ViT-B-32,5.987416,probtag,0.8,0.5,0.28992147878360647,0.0
116,clip-ViT-B-32,5.987416,probtag,0.9,0.5,0.28992147878360647,0.0
117,clip-ViT-B-32,5.987416,nnpu,0.1,0.5005653145079006,0.290724314163191,0.0022587042750110177
118,clip-ViT-B-32,5.987416,nnpu,0.2,0.517565522874302,0.31512267716227066,0.06899488926746167
119,clip-ViT-B-32,5.987416,nnpu,0.3,0.6155146421957537,0.4616890873132429,0.3968494262708704
120,clip-ViT-B-32,5.987416,nnpu,0.4,0.6795486579688783,0.5716971156670387,0.583696541748349
121,clip-ViT-B-32,5.987416,nnpu,0.5,0.7403308492806591,0.7079049912862989,0.7632710710488313
122,clip-ViT-B-32,5.987416,nnpu,0.6,0.7222668117372928,0.7715835438328535,0.8392387094995933
123,clip-ViT-B-32,5.987416,nnpu,0.7,0.684283769261595,0.7783978538839609,0.8533896438703995
124,clip-ViT-B-32,5.987416,nnpu,0.8,0.5956939544900766,0.7561926021656974,0.8506340047265443
125,clip-ViT-B-32,5.987416,nnpu,0.9,0.5042612255196345,0.7125261900565901,0.8316457002626056
126,clip-ViT-B-32,6.129032,probtag,0.1,0.5000689407936464,0.29001938553721435,0.00027572515716333963
127,clip-ViT-B-32,6.129032,probtag,0.2,0.5000275763174585,0.28996064148504963,0.00011029918654349926
128,clip-ViT-B-32,6.129032,probtag,0.3,0.5000137881587293,0.2899410601343281,5.515111405250386e-05
129,clip-ViT-B-32,6.129032,probtag,0.4,0.5000137881587293,0.2899410601343281,5.515111405250386e-05
130,clip-ViT-B-32,6.129032,probtag,0.5,0.5,0.28992147878360647,0.0
131,clip-ViT-B-32,6.129032,probtag,0.6,0.5,0.28992147878360647,0.0
132,clip-ViT-B-32,6.129032,probtag,0.7,0.5,0.28992147878360647,0.0
133,clip-ViT-B-32,6.129032,probtag,0.8,0.5,0.28992147878360647,0.0
134,clip-ViT-B-32,6.129032,probtag,0.9,0.5,0.28992147878360647,0.0
135,clip-ViT-B-32,6.129032,nnpu,0.1,0.5003722802856907,0.29045017525308897,0.001488013226784238
136,clip-ViT-B-32,6.129032,nnpu,0.2,0.5389891468919581,0.3462570248095714,0.14849010406039584
137,clip-ViT-B-32,6.129032,nnpu,0.3,0.5591768477061159,0.37611858465996983,0.21941837959673666
138,clip-ViT-B-32,6.129032,nnpu,0.4,0.6517955836909405,0.5226066694080558,0.505997730588426
139,clip-ViT-B-32,6.129032,nnpu,0.5,0.7157201043859163,0.645342575730874,0.6870334531379597
140,clip-ViT-B-32,6.129032,nnpu,0.6,0.7168686069753019,0.7563688343221916,0.8253803402009767
141,clip-ViT-B-32,6.129032,nnpu,0.7,0.6896844939991038,0.7786328300926197,0.8525671957119941
142,clip-ViT-B-32,6.129032,nnpu,0.8,0.5817193296787642,0.7480663416162446,0.8464127969440134
143,clip-ViT-B-32,6.129032,nnpu,0.9,0.5102467177467878,0.7157766942763711,0.8331590018276072
144,clip-ViT-B-32,6.307692,probtag,0.1,0.5000137881587293,0.2899410601343281,5.515111405250386e-05
145,clip-ViT-B-32,6.307692,probtag,0.2,0.5,0.28992147878360647,0.0
146,clip-ViT-B-32,6.307692,probtag,0.3,0.5,0.28992147878360647,0.0
147,clip-ViT-B-32,6.307692,probtag,0.4,0.5,0.28992147878360647,0.0
148,clip-ViT-B-32,6.307692,probtag,0.5,0.5,0.28992147878360647,0.0
149,clip-ViT-B-32,6.307692,probtag,0.6,0.5,0.28992147878360647,0.0
150,clip-ViT-B-32,6.307692,probtag,0.7,0.5,0.28992147878360647,0.0
151,clip-ViT-B-32,6.307692,probtag,0.8,0.5,0.28992147878360647,0.0
152,clip-ViT-B-32,6.307692,probtag,0.9,0.5,0.28992147878360647,0.0
153,clip-ViT-B-32,6.307692,nnpu,0.1,0.5007445605713813,0.2909788717225714,0.002973813916347716
154,clip-ViT-B-32,6.307692,nnpu,0.2,0.5221535871698775,0.3217803364076054,0.08655519805896937
155,clip-ViT-B-32,6.307692,nnpu,0.3,0.5444272838602378,0.35420705320252993,0.16780217007317688
156,clip-ViT-B-32,6.307692,nnpu,0.4,0.6609621883391409,0.5380367737766552,0.5310673822301729
157,clip-ViT-B-32,6.307692,nnpu,0.5,0.6882528769096558,0.5870097319313087,0.6060039976835851
158,clip-ViT-B-32,6.307692,nnpu,0.6,0.7322108688767934,0.6978205956646889,0.7534824281150161
159,clip-ViT-B-32,6.307692,nnpu,0.7,0.7090497580583239,0.7714856370792458,0.8420240415854451
160,clip-ViT-B-32,6.307692,nnpu,0.8,0.673739314451705,0.7725038673167675,0.8501483296788341
161,clip-ViT-B-32,6.307692,nnpu,0.9,0.5697431786227671,0.7424660753098749,0.8439635535307517
162,clip-ViT-B-32,6.574194,probtag,0.1,0.5,0.28992147878360647,0.0
163,clip-ViT-B-32,6.574194,probtag,0.2,0.5,0.28992147878360647,0.0
164,clip-ViT-B-32,6.574194,probtag,0.3,0.5,0.28992147878360647,0.0
165,clip-ViT-B-32,6.574194,probtag,0.4,0.5,0.28992147878360647,0.0
166,clip-ViT-B-32,6.574194,probtag,0.5,0.5,0.28992147878360647,0.0
167,clip-ViT-B-32,6.574194,probtag,0.6,0.5,0.28992147878360647,0.0
168,clip-ViT-B-32,6.574194,probtag,0.7,0.5,0.28992147878360647,0.0
169,clip-ViT-B-32,6.574194,probtag,0.8,0.5,0.28992147878360647,0.0
170,clip-ViT-B-32,6.574194,probtag,0.9,0.5,0.28992147878360647,0.0
171,clip-ViT-B-32,6.574194,nnpu,0.1,0.5006756197777349,0.29088096496896354,0.0026988323419255343
172,clip-ViT-B-32,6.574194,nnpu,0.2,0.5028755313986734,0.2940335624351368,0.011569568197395477
173,clip-ViT-B-32,6.574194,nnpu,0.3,0.5136496857951856,0.309561573557344,0.05428602081321747
174,clip-ViT-B-32,6.574194,nnpu,0.4,0.5637715416046897,0.38389238089643424,0.23819669749648928
175,clip-ViT-B-32,6.574194,nnpu,0.5,0.5465564806471152,0.3580254165932366,0.17792933978586292
176,clip-ViT-B-32,6.574194,nnpu,0.6,0.6388508680313629,0.5032015508429771,0.4746008407711901
177,clip-ViT-B-32,6.574194,nnpu,0.7,0.6366218239661771,0.5013413225244278,0.4726007538416932
178,clip-ViT-B-32,6.574194,nnpu,0.8,0.6886036200653362,0.6014411874131077,0.6316018099547511
179,clip-ViT-B-32,6.574194,nnpu,0.9,0.6998595824196063,0.6246059253167283,0.6633063453871687
180,clip-ViT-B-32,7.069421,probtag,0.1,0.5,0.28992147878360647,0.0
181,clip-ViT-B-32,7.069421,probtag,0.2,0.5,0.28992147878360647,0.0
182,clip-ViT-B-32,7.069421,probtag,0.3,0.5,0.28992147878360647,0.0
183,clip-ViT-B-32,7.069421,probtag,0.4,0.5,0.28992147878360647,0.0
184,clip-ViT-B-32,7.069421,probtag,0.5,0.5,0.28992147878360647,0.0
185,clip-ViT-B-32,7.069421,probtag,0.6,0.5,0.28992147878360647,0.0
186,clip-ViT-B-32,7.069421,probtag,0.7,0.5,0.28992147878360647,0.0
187,clip-ViT-B-32,7.069421,probtag,0.8,0.5,0.28992147878360647,0.0
188,clip-ViT-B-32,7.069421,probtag,0.9,0.5,0.28992147878360647,0.0
189,clip-ViT-B-32,7.069421,nnpu,0.1,0.5,0.28992147878360647,0.0
190,clip-ViT-B-32,7.069421,nnpu,0.2,0.5001516697460221,0.2901368736415438,0.0006064950102001433
191,clip-ViT-B-32,7.069421,nnpu,0.3,0.5002343986983978,0.2902543617458732,0.0009371554575523704
192,clip-ViT-B-32,7.069421,nnpu,0.4,0.5001240934285636,0.2900977109401007,0.0004962505513895015
193,clip-ViT-B-32,7.069421,nnpu,0.5,0.5013926040316576,0.29189919520648533,0.005554944450555494
194,clip-ViT-B-32,7.069421,nnpu,0.6,0.5006204671428177,0.29080263956607727,0.0024787925526054866
195,clip-ViT-B-32,7.069421,nnpu,0.7,0.5037028209224303,0.2952084434784311,0.014835089640071165
196,clip-ViT-B-32,7.069421,nnpu,0.8,0.504522516063205,0.29634416182028234,0.01792790576917821
197,clip-ViT-B-32,7.069421,nnpu,0.9,0.5059379032438097,0.29843936634749063,0.0238666085440279
198,clip-ViT-B-16,5.386517,probtag,0.1,0.5078972223906034,0.3012786622021187,0.03174775459257048
199,clip-ViT-B-16,5.386517,probtag,0.2,0.5055518347993898,0.29789108852728663,0.022357945250299927
200,clip-ViT-B-16,5.386517,probtag,0.3,0.5040964837498326,0.29579588400007834,0.01651762518117428
201,clip-ViT-B-16,5.386517,probtag,0.4,0.5031788708907176,0.29446435215101135,0.012768172726525468
202,clip-ViT-B-16,5.386517,probtag,0.5,0.5023577751427074,0.2932698897569954,0.009386836471427788
203,clip-ViT-B-16,5.386517,probtag,0.6,0.5016959435237018,0.29232998492235995,0.0067608420821194965
204,clip-ViT-B-16,5.386517,probtag,0.7,0.5012133579681769,0.2916446376471049,0.004841682484663421
205,clip-ViT-B-16,5.386517,probtag,0.8,0.5008135013650277,0.2910767784761793,0.0032487197841528552
206,clip-ViT-B-16,5.386517,probtag,0.9,0.5004550092380663,0.2905676633574184,0.0018183821908750277
207,clip-ViT-B-16,5.386517,nnpu,0.1,0.5,0.28992147878360647,0.0
208,clip-ViT-B-16,5.386517,nnpu,0.2,0.5020682238093925,0.2928586813918424,0.008238815807541261
209,clip-ViT-B-16,5.386517,nnpu,0.3,0.5664913569551877,0.3862225616323014,0.2412799845085082
210,clip-ViT-B-16,5.386517,nnpu,0.4,0.7006191743748893,0.6019894652333118,0.6243855564179325
211,clip-ViT-B-16,5.386517,nnpu,0.5,0.7551909987040695,0.7324991677925944,0.7882507943889018
212,clip-ViT-B-16,5.386517,nnpu,0.6,0.7420304712608639,0.7881297851925826,0.850951869300493
213,clip-ViT-B-16,5.386517,nnpu,0.7,0.7048184761058771,0.79320135502947,0.8627282771170467
214,clip-ViT-B-16,5.386517,nnpu,0.8,0.6153559610322608,0.7681959701580215,0.8571152685576342
215,clip-ViT-B-16,5.386517,nnpu,0.9,0.5145878710043269,0.7182243631165678,0.8343349220602795
216,clip-ViT-B-16,5.475771,probtag,0.1,0.5056759282279534,0.2980673206837808,0.022843123892599154
217,clip-ViT-B-16,5.475771,probtag,0.2,0.5042205771783962,0.2959721161565725,0.017005686789151354
218,clip-ViT-B-16,5.475771,probtag,0.3,0.5033305406367397,0.29467974700894867,0.013366933274898652
219,clip-ViT-B-16,5.475771,probtag,0.4,0.5024067340018777,0.2933677965106033,0.009714332757059359
220,clip-ViT-B-16,5.475771,probtag,0.5,0.5017449023828721,0.29242789167596783,0.0070892754101063386
221,clip-ViT-B-16,5.475771,probtag,0.6,0.5012822987618234,0.2917425444007128,0.005116074375618879
222,clip-ViT-B-16,5.475771,probtag,0.7,0.5008686539999448,0.29115510387906557,0.0034685899906403126
223,clip-ViT-B-16,5.475771,probtag,0.8,0.500537738190442,0.29068515146174784,0.0021486419481020333
224,clip-ViT-B-16,5.475771,probtag,0.9,0.5003171276507735,0.29037184985020265,0.0012677065534917047
225,clip-ViT-B-16,5.475771,nnpu,0.1,0.5,0.28992147878360647,0.0
226,clip-ViT-B-16,5.475771,nnpu,0.2,0.5035925156525961,0.2950517926726586,0.014400306622498424
227,clip-ViT-B-16,5.475771,nnpu,0.3,0.5743246496342819,0.3979713720652451,0.2672259694449079
228,clip-ViT-B-16,5.475771,nnpu,0.4,0.6782595424218396,0.5628855078423309,0.567375336731332
229,clip-ViT-B-16,5.475771,nnpu,0.5,0.7421064700347215,0.6899097299731736,0.738886690410236
230,clip-ViT-B-16,5.475771,nnpu,0.6,0.7478644790617022,0.7718968454443987,0.8336736296528977
231,clip-ViT-B-16,5.475771,nnpu,0.7,0.6702595951755622,0.7829994713035305,0.8599944412158576
232,clip-ViT-B-16,5.475771,nnpu,0.8,0.5779390404623845,0.750983962873759,0.8495083014804208
233,clip-ViT-B-16,5.475771,nnpu,0.9,0.51613230030156,0.7190271984961523,0.8346984620701573
234,clip-ViT-B-16,5.566116,probtag,0.1,0.5032064472081761,0.2945035148524545,0.01287706512507192
235,clip-ViT-B-16,5.566116,probtag,0.2,0.5023026225077903,0.29319156435410915,0.00916826791106231
236,clip-ViT-B-16,5.566116,probtag,0.3,0.5017648843173482,0.29242789167596783,0.007034706383446458
237,clip-ViT-B-16,5.566116,probtag,0.4,0.5013926040316576,0.29189919520648533,0.005554944450555494
238,clip-ViT-B-16,5.566116,probtag,0.5,0.5009789592697791,0.29131175468483816,0.0039081851709142955
239,clip-ViT-B-16,5.566116,probtag,0.6,0.5007997132062985,0.2910571971254577,0.0031937446656204395
240,clip-ViT-B-16,5.566116,probtag,0.7,0.5005791026666299,0.29074389551391255,0.0023137308910618376
241,clip-ViT-B-16,5.566116,probtag,0.8,0.5003584921269614,0.29043059390236736,0.001432941111631624
242,clip-ViT-B-16,5.566116,probtag,0.9,0.5001516697460221,0.2901368736415438,0.0006064950102001433
243,clip-ViT-B-16,5.566116,nnpu,0.1,0.5,0.28992147878360647,0.0
244,clip-ViT-B-16,5.566116,nnpu,0.2,0.5040261423489507,0.29563923319430574,0.015975926685815895
245,clip-ViT-B-16,5.566116,nnpu,0.3,0.5668230820251212,0.3870058156611643,0.24338368580060424
246,clip-ViT-B-16,5.566116,nnpu,0.4,0.6890353777332855,0.5809982572597858,0.5941352755965251
247,clip-ViT-B-16,5.566116,nnpu,0.5,0.7469066806949898,0.7197125457714073,0.775607461984637
248,clip-ViT-B-16,5.566116,nnpu,0.6,0.7399110163305627,0.7827644950948717,0.8462455303933254
249,clip-ViT-B-16,5.566116,nnpu,0.7,0.6619813163539308,0.7841547709961033,0.8624240230645384
250,clip-ViT-B-16,5.566116,nnpu,0.8,0.5918572675510978,0.757582878066929,0.8524644866050148
251,clip-ViT-B-16,5.566116,nnpu,0.9,0.5091488940442079,0.7152675791576103,0.8329523131182005
252,clip-ViT-B-16,5.660284,probtag,0.1,0.5016759615892257,0.29232998492235995,0.006815433659448171
253,clip-ViT-B-16,5.660284,probtag,0.2,0.5012409342856355,0.291683800348548,0.004951448298627348
254,clip-ViT-B-16,5.660284,probtag,0.3,0.500923806634862,0.2912334292819519,0.00368841178089733
255,clip-ViT-B-16,5.660284,probtag,0.4,0.5006480434602764,0.29084180226752043,0.0025888185072982647
256,clip-ViT-B-16,5.660284,probtag,0.5,0.5004412210793371,0.2905480820066968,0.0017633282821325252
257,clip-ViT-B-16,5.660284,probtag,0.6,0.5002481868571271,0.2902739430965948,0.0009922548992585649
258,clip-ViT-B-16,5.660284,probtag,0.7,0.500096517111105,0.2900585482386575,0.0003859939343810311
259,clip-ViT-B-16,5.660284,probtag,0.8,0.5000551526349172,0.2899998041864928,0.00022058620784735434
260,clip-ViT-B-16,5.660284,probtag,0.9,0.5000275763174585,0.28996064148504963,0.00011029918654349926
261,clip-ViT-B-16,5.660284,nnpu,0.1,0.5,0.28992147878360647,0.0
262,clip-ViT-B-16,5.660284,nnpu,0.2,0.5073642773686727,0.30043666412109105,0.02929029453320291
263,clip-ViT-B-16,5.660284,nnpu,0.3,0.5969580835392856,0.43235622393232687,0.33922180939572844
264,clip-ViT-B-16,5.660284,nnpu,0.4,0.6762100554592413,0.5584992852806987,0.5602387314466267
265,clip-ViT-B-16,5.660284,nnpu,0.5,0.759120064257774,0.7455990914253265,0.8022947925860546
266,clip-ViT-B-16,5.660284,nnpu,0.6,0.743315788219529,0.7780649709216941,0.8409084528789197
267,clip-ViT-B-16,5.660284,nnpu,0.7,0.6727279866272107,0.7837239812802287,0.8601810241154504
268,clip-ViT-B-16,5.660284,nnpu,0.8,0.592207947381451,0.7574849713133212,0.8523221844631254
269,clip-ViT-B-16,5.660284,nnpu,0.9,0.5083707812932469,0.7147584640388494,0.8326843779791645
270,clip-ViT-B-16,5.758871,probtag,0.1,0.5011857816507184,0.29160547494566175,0.004731904591598118
271,clip-ViT-B-16,5.758871,probtag,0.2,0.5007169842539227,0.29093970902112826,0.0028638303731240533
272,clip-ViT-B-16,5.758871,probtag,0.3,0.5004825855555249,0.29060682605886157,0.0019284809080390103
273,clip-ViT-B-16,5.758871,probtag,0.4,0.5003998566031492,0.2904893379545321,0.0015981483522539402
274,clip-ViT-B-16,5.758871,probtag,0.5,0.5002757631745857,0.29031310579803793,0.0011024446710580715
275,clip-ViT-B-16,5.758871,probtag,0.6,0.5002068223809393,0.2902151990444301,0.0008269474612712938
276,clip-ViT-B-16,5.758871,probtag,0.7,0.5001516697460221,0.2901368736415438,0.0006064950102001433
277,clip-ViT-B-16,5.758871,probtag,0.8,0.5000827289523757,0.29003896688793596,0.00033086106592406737
278,clip-ViT-B-16,5.758871,probtag,0.9,0.5000413644761879,0.2899802228357712,0.00016544421772459052
279,clip-ViT-B-16,5.758871,nnpu,0.1,0.5,0.28992147878360647,0.0
280,clip-ViT-B-16,5.758871,nnpu,0.2,0.5131291283247487,0.30868041277487324,0.051680141824921436
281,clip-ViT-B-16,5.758871,nnpu,0.3,0.5806288573016611,0.40760539662025885,0.28811445513800976
282,clip-ViT-B-16,5.758871,nnpu,0.4,0.7085645156328236,0.6184377998394329,0.647745760873495
283,clip-ViT-B-16,5.758871,nnpu,0.5,0.7415526099609943,0.6974093872995359,0.7492006816521952
284,clip-ViT-B-16,5.758871,nnpu,0.6,0.7397061235095914,0.780316826254675,0.8439139084825464
285,clip-ViT-B-16,5.758871,nnpu,0.7,0.7002982323044107,0.7891088527286613,0.8599297698010144
286,clip-ViT-B-16,5.758871,nnpu,0.8,0.5600806994128912,0.7419961228925571,0.8453484823587407
287,clip-ViT-B-16,5.758871,nnpu,0.9,0.5172728890875632,0.7196538017192426,0.8349948713220463
288,clip-ViT-B-16,5.865385,probtag,0.1,0.5008548658412155,0.291135522528344,0.003413626978664832
289,clip-ViT-B-16,5.865385,probtag,0.2,0.5005515263491713,0.2907047328124694,0.0022036746274412583
290,clip-ViT-B-16,5.865385,probtag,0.3,0.5003860684444199,0.2904697566038105,0.001543082306908049
291,clip-ViT-B-16,5.865385,probtag,0.4,0.5002757631745857,0.29031310579803793,0.0011024446710580715
292,clip-ViT-B-16,5.865385,probtag,0.5,0.5001792460634806,0.29017603634298694,0.0007167273128239057
293,clip-ViT-B-16,5.865385,probtag,0.6,0.5001378815872929,0.2901172922908222,0.0005513743004438563
294,clip-ViT-B-16,5.865385,probtag,0.7,0.5000827289523757,0.29003896688793596,0.00033086106592406737
295,clip-ViT-B-16,5.865385,probtag,0.8,0.5000413644761879,0.2899802228357712,0.00016544421772459052
296,clip-ViT-B-16,5.865385,probtag,0.9,0.5000275763174585,0.28996064148504963,0.00011029918654349926
297,clip-ViT-B-16,5.865385,nnpu,0.1,0.5001516697460221,0.2901368736415438,0.0006064950102001433
298,clip-ViT-B-16,5.865385,nnpu,0.2,0.5179226143940279,0.31557304822886684,0.07007742038470746
299,clip-ViT-B-16,5.865385,nnpu,0.3,0.6117556414643499,0.45544263643306115,0.38468006018231704
300,clip-ViT-B-16,5.865385,nnpu,0.4,0.706169266796528,0.6179874287728367,0.6485054861899356
301,clip-ViT-B-16,5.865385,nnpu,0.5,0.726635657719142,0.6648456010495604,0.7106339814032122
302,clip-ViT-B-16,5.865385,nnpu,0.6,0.730744692921315,0.7824316121326049,0.8478591283153729
303,clip-ViT-B-16,5.865385,nnpu,0.7,0.6474556010206984,0.776380974759639,0.8583688858021629
304,clip-ViT-B-16,5.865385,nnpu,0.8,0.5746391576652725,0.7489083396972723,0.8483938473179554
305,clip-ViT-B-16,5.865385,nnpu,0.9,0.5051378473357409,0.7129765611231863,0.8318458185155443
306,clip-ViT-B-16,5.987416,probtag,0.1,0.5002068223809393,0.2902151990444301,0.0008269474612712938
307,clip-ViT-B-16,5.987416,probtag,0.2,0.5000827289523757,0.29003896688793596,0.00033086106592406737
308,clip-ViT-B-16,5.987416,probtag,0.3,0.5000689407936464,0.29001938553721435,0.00027572515716333963
309,clip-ViT-B-16,5.987416,probtag,0.4,0.5000413644761879,0.2899802228357712,0.00016544421772459052
310,clip-ViT-B-16,5.987416,probtag,0.5,0.5000137881587293,0.2899410601343281,5.515111405250386e-05
311,clip-ViT-B-16,5.987416,probtag,0.6,0.5000137881587293,0.2899410601343281,5.515111405250386e-05
312,clip-ViT-B-16,5.987416,probtag,0.7,0.5,0.28992147878360647,0.0
313,clip-ViT-B-16,5.987416,probtag,0.8,0.5,0.28992147878360647,0.0
314,clip-ViT-B-16,5.987416,probtag,0.9,0.5,0.28992147878360647,0.0
315,clip-ViT-B-16,5.987416,nnpu,0.1,0.5007721368888398,0.2910180344240146,0.003083785346512845
316,clip-ViT-B-16,5.987416,nnpu,0.2,0.522368595280604,0.32185866181049166,0.08637155067799292
317,clip-ViT-B-16,5.987416,nnpu,0.3,0.5852137469495864,0.41496798449157024,0.30410173992034106
318,clip-ViT-B-16,5.987416,nnpu,0.4,0.6771743241843794,0.5629050891930525,0.5683233417134017
319,clip-ViT-B-16,5.987416,nnpu,0.5,0.7431775592741918,0.7105288922829897,0.7655241327898235
320,clip-ViT-B-16,5.987416,nnpu,0.6,0.7422548142698142,0.7550764651745677,0.8175452927619103
321,clip-ViT-B-16,5.987416,nnpu,0.7,0.690556883262095,0.7842135150482681,0.8573832017600621
322,clip-ViT-B-16,5.987416,nnpu,0.8,0.5814996531876709,0.7519826117605592,0.8496938339583234
323,clip-ViT-B-16,5.987416,nnpu,0.9,0.5107346878176289,0.7161291585893595,0.833354407825917
324,clip-ViT-B-16,6.129032,probtag,0.1,0.5000689407936464,0.29001938553721435,0.00027572515716333963
325,clip-ViT-B-16,6.129032,probtag,0.2,0.5000275763174585,0.28996064148504963,0.00011029918654349926
326,clip-ViT-B-16,6.129032,probtag,0.3,0.5,0.28992147878360647,0.0
327,clip-ViT-B-16,6.129032,probtag,0.4,0.5,0.28992147878360647,0.0
328,clip-ViT-B-16,6.129032,probtag,0.5,0.5,0.28992147878360647,0.0
329,clip-ViT-B-16,6.129032,probtag,0.6,0.5,0.28992147878360647,0.0
330,clip-ViT-B-16,6.129032,probtag,0.7,0.5,0.28992147878360647,0.0
331,clip-ViT-B-16,6.129032,probtag,0.8,0.5,0.28992147878360647,0.0
332,clip-ViT-B-16,6.129032,probtag,0.9,0.5,0.28992147878360647,0.0
333,clip-ViT-B-16,6.129032,nnpu,0.1,0.5004963737142542,0.2906264074095831,0.0019835257169619
334,clip-ViT-B-16,6.129032,nnpu,0.2,0.51791361940381,0.31547514147525896,0.06967213114754099
335,clip-ViT-B-16,6.129032,nnpu,0.3,0.5942873825675111,0.4287336740488359,0.3323721909469541
336,clip-ViT-B-16,6.129032,nnpu,0.4,0.681374763908746,0.5703460024672502,0.5796068513622256
337,clip-ViT-B-16,6.129032,nnpu,0.5,0.7308198507720787,0.6766335741839472,0.7255169204175255
338,clip-ViT-B-16,6.129032,nnpu,0.6,0.7373786309108228,0.7553310227339481,0.8191044257524648
339,clip-ViT-B-16,6.129032,nnpu,0.7,0.6689742772856422,0.7804930584111692,0.8580617387120464
340,clip-ViT-B-16,6.129032,nnpu,0.8,0.5709242294990464,0.7461865319469737,0.8468247027959632
341,clip-ViT-B-16,6.129032,nnpu,0.9,0.5157993925380169,0.7187530595860503,0.8345371810379586
342,clip-ViT-B-16,6.307692,probtag,0.1,0.5000275763174585,0.28996064148504963,0.00011029918654349926
343,clip-ViT-B-16,6.307692,probtag,0.2,0.5000137881587293,0.2899410601343281,5.515111405250386e-05
344,clip-ViT-B-16,6.307692,probtag,0.3,0.5000137881587293,0.2899410601343281,5.515111405250386e-05
345,clip-ViT-B-16,6.307692,probtag,0.4,0.5,0.28992147878360647,0.0
346,clip-ViT-B-16,6.307692,probtag,0.5,0.5,0.28992147878360647,0.0
347,clip-ViT-B-16,6.307692,probtag,0.6,0.5,0.28992147878360647,0.0
348,clip-ViT-B-16,6.307692,probtag,0.7,0.5,0.28992147878360647,0.0
349,clip-ViT-B-16,6.307692,probtag,0.8,0.5,0.28992147878360647,0.0
350,clip-ViT-B-16,6.307692,probtag,0.9,0.5,0.28992147878360647,0.0
351,clip-ViT-B-16,6.307692,nnpu,0.1,0.5009375947935912,0.29125301063267345,0.0037433596652996066
352,clip-ViT-B-16,6.307692,nnpu,0.2,0.514575484384088,0.31067771054847365,0.05690251024727409
353,clip-ViT-B-16,6.307692,nnpu,0.3,0.5648555771485402,0.3843819146644736,0.23789784985334397
354,clip-ViT-B-16,6.307692,nnpu,0.4,0.6273597601123367,0.48134876343770194,0.4338328025137336
355,clip-ViT-B-16,6.307692,nnpu,0.5,0.7253050855016892,0.6718948873093266,0.7213834386431661
356,clip-ViT-B-16,6.307692,nnpu,0.6,0.7246252946336564,0.6654526229219292,0.7124947412705089
357,clip-ViT-B-16,6.307692,nnpu,0.7,0.714356175552394,0.7719555894965635,0.8413308264530368
358,clip-ViT-B-16,6.307692,nnpu,0.8,0.6343268470603838,0.7693708512013159,0.8547611413914716
359,clip-ViT-B-16,6.307692,nnpu,0.9,0.5436562644771709,0.7330866083142416,0.8410545831924346
360,clip-ViT-B-16,6.574194,probtag,0.1,0.5,0.28992147878360647,0.0
361,clip-ViT-B-16,6.574194,probtag,0.2,0.5,0.28992147878360647,0.0
362,clip-ViT-B-16,6.574194,probtag,0.3,0.5,0.28992147878360647,0.0
363,clip-ViT-B-16,6.574194,probtag,0.4,0.5,0.28992147878360647,0.0
364,clip-ViT-B-16,6.574194,probtag,0.5,0.5,0.28992147878360647,0.0
365,clip-ViT-B-16,6.574194,probtag,0.6,0.5,0.28992147878360647,0.0
366,clip-ViT-B-16,6.574194,probtag,0.7,0.5,0.28992147878360647,0.0
367,clip-ViT-B-16,6.574194,probtag,0.8,0.5,0.28992147878360647,0.0
368,clip-ViT-B-16,6.574194,probtag,0.9,0.5,0.28992147878360647,0.0
369,clip-ViT-B-16,6.574194,nnpu,0.1,0.5007031960951934,0.2909201276704067,0.002808834058489839
370,clip-ViT-B-16,6.574194,nnpu,0.2,0.5052808647933155,0.29742113610996884,0.020902690607433282
371,clip-ViT-B-16,6.574194,nnpu,0.3,0.5233241800546311,0.32338600716677435,0.09058848299821035
372,clip-ViT-B-16,6.574194,nnpu,0.4,0.5296667330701014,0.33239342849869785,0.11342833368004993
373,clip-ViT-B-16,6.574194,nnpu,0.5,0.560546886502452,0.3785466721494449,0.2254545454545455
374,clip-ViT-B-16,6.574194,nnpu,0.6,0.6308598673500532,0.4898666510015861,0.4511671020476952
375,clip-ViT-B-16,6.574194,nnpu,0.7,0.6904146303647201,0.596663337837044,0.6219718103068566
376,clip-ViT-B-16,6.574194,nnpu,0.8,0.6961297457951136,0.6243317864066263,0.6650604933745351
377,clip-ViT-B-16,6.574194,nnpu,0.9,0.6360442466949273,0.504493919990601,0.48067806349662395
378,clip-ViT-B-16,7.069421,probtag,0.1,0.5,0.28992147878360647,0.0
379,clip-ViT-B-16,7.069421,probtag,0.2,0.5,0.28992147878360647,0.0
380,clip-ViT-B-16,7.069421,probtag,0.3,0.5,0.28992147878360647,0.0
381,clip-ViT-B-16,7.069421,probtag,0.4,0.5,0.28992147878360647,0.0
382,clip-ViT-B-16,7.069421,probtag,0.5,0.5,0.28992147878360647,0.0
383,clip-ViT-B-16,7.069421,probtag,0.6,0.5,0.28992147878360647,0.0
384,clip-ViT-B-16,7.069421,probtag,0.7,0.5,0.28992147878360647,0.0
385,clip-ViT-B-16,7.069421,probtag,0.8,0.5,0.28992147878360647,0.0
386,clip-ViT-B-16,7.069421,probtag,0.9,0.5,0.28992147878360647,0.0
387,clip-ViT-B-16,7.069421,nnpu,0.1,0.5,0.28992147878360647,0.0
388,clip-ViT-B-16,7.069421,nnpu,0.2,0.5001240934285636,0.2900977109401007,0.0004962505513895015
389,clip-ViT-B-16,7.069421,nnpu,0.3,0.5006066789840885,0.2907830582153557,0.0024237750296086154
390,clip-ViT-B-16,7.069421,nnpu,0.4,0.5013236632380111,0.2918012884528775,0.005280673285843945
391,clip-ViT-B-16,7.069421,nnpu,0.5,0.5010341119046963,0.29139008008772443,0.0041279101766745555
392,clip-ViT-B-16,7.069421,nnpu,0.6,0.5010830707638665,0.2914879868413323,0.004457284358233595
393,clip-ViT-B-16,7.069421,nnpu,0.7,0.506112356138779,0.2987722493097574,0.02494077926321235
394,clip-ViT-B-16,7.069421,nnpu,0.8,0.5049127863293313,0.29706867179698054,0.020251091703056768
395,clip-ViT-B-16,7.069421,nnpu,0.9,0.502835567529721,0.2940335624351368,0.011677951698237342
396,clip-ViT-L-14,5.386517,probtag,0.1,0.5100805446383416,0.3042941902132409,0.0397827085754439
397,clip-ViT-L-14,5.386517,probtag,0.2,0.5067575983845843,0.29957508468934185,0.02693144722524483
398,clip-ViT-L-14,5.386517,probtag,0.3,0.5047231446683973,0.29665746343182753,0.018847824305498646
399,clip-ViT-L-14,5.386517,probtag,0.4,0.5035435567934258,0.2949538859190507,0.01407447973713034
400,clip-ViT-L-14,5.386517,probtag,0.5,0.502288834349061,0.2931719830033876,0.009113618271157593
401,clip-ViT-L-14,5.386517,probtag,0.6,0.5016683672062433,0.2922908222209168,0.00665127528583993
402,clip-ViT-L-14,5.386517,probtag,0.7,0.5011306290158012,0.2915271495427755,0.0045123125601870965
403,clip-ViT-L-14,5.386517,probtag,0.8,0.500634255301547,0.2908222209167988,0.0025338070450852406
404,clip-ViT-L-14,5.386517,probtag,0.9,0.5003033394920442,0.2903522684994811,0.0012126222957144826
405,clip-ViT-L-14,5.386517,nnpu,0.1,0.5,0.28992147878360647,0.0
406,clip-ViT-L-14,5.386517,nnpu,0.2,0.5068203454024839,0.2996925727936713,0.027306353350739776
407,clip-ViT-L-14,5.386517,nnpu,0.3,0.5669333872949555,0.3871624664669369,0.24372326800860258
408,clip-ViT-L-14,5.386517,nnpu,0.4,0.7015603172493099,0.6017936517260961,0.6233795095933032
409,clip-ViT-L-14,5.386517,nnpu,0.5,0.7609567213146484,0.7430143531300789,0.7987610402355251
410,clip-ViT-L-14,5.386517,nnpu,0.6,0.7571127212316401,0.7594626877362001,0.8182840236686391
411,clip-ViT-L-14,5.386517,nnpu,0.7,0.6540549931817434,0.7813546378429184,0.8614227561556791
412,clip-ViT-L-14,5.386517,nnpu,0.8,0.5872515559768569,0.7552135346296187,0.8513290123089731
413,clip-ViT-L-14,5.386517,nnpu,0.9,0.5142178005863024,0.7180677123107952,0.8342771639042357
414,clip-ViT-L-14,5.475771,probtag,0.1,0.5075021589559656,0.3006324776283068,0.029825609822350194
415,clip-ViT-L-14,5.475771,probtag,0.2,0.5049437552080658,0.29697076504337266,0.019713310580204778
416,clip-ViT-L-14,5.475771,probtag,0.3,0.5032615998430933,0.2945818402553408,0.013094814124866449
417,clip-ViT-L-14,5.475771,probtag,0.4,0.5022688524145849,0.2931719830033876,0.009168016249897066
418,clip-ViT-L-14,5.475771,probtag,0.5,0.5016621734304965,0.29231040357163834,0.0067606562783411655
419,clip-ViT-L-14,5.475771,probtag,0.6,0.5012133579681769,0.2916446376471049,0.004841682484663421
420,clip-ViT-L-14,5.475771,probtag,0.7,0.500827289523757,0.29109635982690085,0.0033036918756710622
421,clip-ViT-L-14,5.475771,probtag,0.8,0.5005101618729835,0.2906459887603047,0.002038567493112948
422,clip-ViT-L-14,5.475771,probtag,0.9,0.5001654579047514,0.2901564549922654,0.0006616126809097174
423,clip-ViT-L-14,5.475771,nnpu,0.1,0.5,0.28992147878360647,0.0
424,clip-ViT-L-14,5.475771,nnpu,0.2,0.5067424096186195,0.2994967592864556,0.026610796691336525
425,clip-ViT-L-14,5.475771,nnpu,0.3,0.6198678719656798,0.46687814525445964,0.4052081967929392
426,clip-ViT-L-14,5.475771,nnpu,0.4,0.6993809789096526,0.5983864967005424,0.6187732342007434
427,clip-ViT-L-14,5.475771,nnpu,0.5,0.7409188519495162,0.6870312714171024,0.7354552526606749
428,clip-ViT-L-14,5.475771,nnpu,0.6,0.7109436546921466,0.7905774540327792,0.859281870452482
429,clip-ViT-L-14,5.475771,nnpu,0.7,0.7200363065333086,0.7928488907164816,0.8596372513898287
430,clip-ViT-L-14,5.475771,nnpu,0.8,0.5560153093299376,0.739940081066792,0.8444027883545193
431,clip-ViT-L-14,5.475771,nnpu,0.9,0.5116175034094822,0.7165599483052341,0.8335384155387145
432,clip-ViT-L-14,5.566116,probtag,0.1,0.5038407025097231,0.2954042569856469,0.015378300725133397
433,clip-ViT-L-14,5.566116,probtag,0.2,0.5023164106665196,0.2932111457048307,0.009222914550794653
434,clip-ViT-L-14,5.566116,probtag,0.3,0.5014201803491162,0.2919383579079285,0.005664631798933069
435,clip-ViT-L-14,5.566116,probtag,0.4,0.5009927474285084,0.2913313360355597,0.0039631209577542315
436,clip-ViT-L-14,5.566116,probtag,0.5,0.5006204671428177,0.29080263956607727,0.0024787925526054866
437,clip-ViT-L-14,5.566116,probtag,0.6,0.5004274329206078,0.29052850065597524,0.0017082713396153635
438,clip-ViT-L-14,5.566116,probtag,0.7,0.5002343986983978,0.2902543617458732,0.0009371554575523704
439,clip-ViT-L-14,5.566116,probtag,0.8,0.500096517111105,0.2900585482386575,0.0003859939343810311
440,clip-ViT-L-14,5.566116,probtag,0.9,0.5000413644761879,0.2899802228357712,0.00016544421772459052
441,clip-ViT-L-14,5.566116,nnpu,0.1,0.5,0.28992147878360647,0.0
442,clip-ViT-L-14,5.566116,nnpu,0.2,0.5044687640355233,0.2963245804695608,0.017981089796141447
443,clip-ViT-L-14,5.566116,nnpu,0.3,0.5900208032639691,0.4213123421253598,0.31626680239687205
444,clip-ViT-L-14,5.566116,nnpu,0.4,0.6911013916750118,0.5835634142043118,0.5974217729570106
445,clip-ViT-L-14,5.566116,nnpu,0.5,0.7570115646090674,0.7328712134563042,0.7880953120631272
446,clip-ViT-L-14,5.566116,nnpu,0.6,0.7488493517995302,0.770741545751826,0.8322588039771913
447,clip-ViT-L-14,5.566116,nnpu,0.7,0.7047385483679723,0.79320135502947,0.8627425496796329
448,clip-ViT-L-14,5.566116,nnpu,0.8,0.629424612779314,0.7735612602557325,0.8591370867542087
449,clip-ViT-L-14,5.566116,nnpu,0.9,0.5130558292585875,0.7173823650355402,0.8339373856615236
450,clip-ViT-L-14,5.660284,probtag,0.1,0.5025032511129827,0.29350486596565434,0.01009657594381036
451,clip-ViT-L-14,5.660284,probtag,0.2,0.5015242918432036,0.29211459006442264,0.0062127168265662365
452,clip-ViT-L-14,5.660284,probtag,0.3,0.5009589773353029,0.29131175468483816,0.003963011889035667
453,clip-ViT-L-14,5.660284,probtag,0.4,0.5006756197777349,0.29088096496896354,0.0026988323419255343
454,clip-ViT-L-14,5.660284,probtag,0.5,0.5004274329206078,0.29052850065597524,0.0017082713396153635
455,clip-ViT-L-14,5.660284,probtag,0.6,0.5003033394920442,0.2903522684994811,0.0012126222957144826
456,clip-ViT-L-14,5.660284,probtag,0.7,0.5001792460634806,0.29017603634298694,0.0007167273128239057
457,clip-ViT-L-14,5.660284,probtag,0.8,0.5000827289523757,0.29003896688793596,0.00033086106592406737
458,clip-ViT-L-14,5.660284,probtag,0.9,0.5000275763174585,0.28996064148504963,0.00011029918654349926
459,clip-ViT-L-14,5.660284,nnpu,0.1,0.5003722802856907,0.29045017525308897,0.001488013226784238
460,clip-ViT-L-14,5.660284,nnpu,0.2,0.5149595608744675,0.3114218018758934,0.05923111907755691
461,clip-ViT-L-14,5.660284,nnpu,0.3,0.5749670906656161,0.3986567193405001,0.26839146178768825
462,clip-ViT-L-14,5.660284,nnpu,0.4,0.7065617776617293,0.6137774383676986,0.6410685689328868
463,clip-ViT-L-14,5.660284,nnpu,0.5,0.747659581584457,0.7065930407879536,0.7587894397939471
464,clip-ViT-L-14,5.660284,nnpu,0.6,0.7310125814052202,0.7802580822025104,0.8457244982128127
465,clip-ViT-L-14,5.660284,nnpu,0.7,0.6927050972034645,0.7891088527286613,0.8613007083065036
466,clip-ViT-L-14,5.660284,nnpu,0.8,0.6313745942341195,0.7718185200415124,0.8573457220855216
467,clip-ViT-L-14,5.660284,nnpu,0.9,0.5111199470016182,0.7163641347980184,0.8334732074083442
468,clip-ViT-L-14,5.758871,probtag,0.1,0.5014063921903869,0.29191877655720694,0.005609789632888767
469,clip-ViT-L-14,5.758871,probtag,0.2,0.5007859250475691,0.29103761577473614,0.003138766519823789
470,clip-ViT-L-14,5.758871,probtag,0.3,0.5005653145079006,0.290724314163191,0.0022587042750110177
471,clip-ViT-L-14,5.758871,probtag,0.4,0.5004136447618786,0.2905089193052537,0.0016532113630727686
472,clip-ViT-L-14,5.758871,probtag,0.5,0.5003309158095028,0.29039143120092425,0.0013227877752363104
473,clip-ViT-L-14,5.758871,probtag,0.6,0.5002068223809393,0.2902151990444301,0.0008269474612712938
474,clip-ViT-L-14,5.758871,probtag,0.7,0.500096517111105,0.2900585482386575,0.0003859939343810311
475,clip-ViT-L-14,5.758871,probtag,0.8,0.5000551526349172,0.2899998041864928,0.00022058620784735434
476,clip-ViT-L-14,5.758871,probtag,0.9,0.5,0.28992147878360647,0.0
477,clip-ViT-L-14,5.758871,nnpu,0.1,0.5000413644761879,0.2899802228357712,0.00016544421772459052
478,clip-ViT-L-14,5.758871,nnpu,0.2,0.5111760029537019,0.3058215355695236,0.04385468079941742
479,clip-ViT-L-14,5.758871,nnpu,0.3,0.6094433702254645,0.4503710665961738,0.37361362165539713
480,clip-ViT-L-14,5.758871,nnpu,0.4,0.7139321249492592,0.6329279993733968,0.6684588447525732
481,clip-ViT-L-14,5.758871,nnpu,0.5,0.7318372168527664,0.6667841547709961,0.7109148050624311
482,clip-ViT-L-14,5.758871,nnpu,0.6,0.7392926342672663,0.7783391098317962,0.8420714863695974
483,clip-ViT-L-14,5.758871,nnpu,0.7,0.6999142489395122,0.7850163504278526,0.8563540971595296
484,clip-ViT-L-14,5.758871,nnpu,0.8,0.5633519787184883,0.7431514225851299,0.8457023208761218
485,clip-ViT-L-14,5.758871,nnpu,0.9,0.5230819364657068,0.7227672364839727,0.8364447114273832
486,clip-ViT-L-14,5.865385,probtag,0.1,0.5012547224443648,0.2917033816992696,0.005006326676569291
487,clip-ViT-L-14,5.865385,probtag,0.2,0.5008410776824863,0.2911159411776224,0.003358660940425063
488,clip-ViT-L-14,5.865385,probtag,0.3,0.5006066789840885,0.2907830582153557,0.0024237750296086154
489,clip-ViT-L-14,5.865385,probtag,0.4,0.5004550092380663,0.2905676633574184,0.0018183821908750277
490,clip-ViT-L-14,5.865385,probtag,0.5,0.5003860684444199,0.2904697566038105,0.001543082306908049
491,clip-ViT-L-14,5.865385,probtag,0.6,0.5002343986983978,0.2902543617458732,0.0009371554575523704
492,clip-ViT-L-14,5.865385,probtag,0.7,0.5001654579047514,0.2901564549922654,0.0006616126809097174
493,clip-ViT-L-14,5.865385,probtag,0.8,0.5001103052698342,0.29007812958937906,0.0004411237627856966
494,clip-ViT-L-14,5.865385,probtag,0.9,0.5000413644761879,0.2899802228357712,0.00016544421772459052
495,clip-ViT-L-14,5.865385,nnpu,0.1,0.500096517111105,0.2900585482386575,0.0003859939343810311
496,clip-ViT-L-14,5.865385,nnpu,0.2,0.5328574001655079,0.33715169672404005,0.12563605837530673
497,clip-ViT-L-14,5.865385,nnpu,0.3,0.6390301448262524,0.49814956235681135,0.4622196109700568
498,clip-ViT-L-14,5.865385,nnpu,0.4,0.7130220133476454,0.634984041199162,0.6722922490023382
499,clip-ViT-L-14,5.865385,nnpu,0.5,0.7457362125983809,0.7220231451565529,0.778837165825388
500,clip-ViT-L-14,5.865385,nnpu,0.6,0.7332823045430532,0.7732087959427442,0.8383666406162777
501,clip-ViT-L-14,5.865385,nnpu,0.7,0.6571909118068207,0.7799056178895221,0.8596508753090427
502,clip-ViT-L-14,5.865385,nnpu,0.8,0.5890926951631359,0.7553310227339481,0.8510993266996365
503,clip-ViT-L-14,5.865385,nnpu,0.9,0.5092811732025587,0.7152284164561672,0.8328947821990371
504,clip-ViT-L-14,5.987416,probtag,0.1,0.500289551333315,0.29033268714875954,0.0011575350016536214
505,clip-ViT-L-14,5.987416,probtag,0.2,0.5001103052698342,0.29007812958937906,0.0004411237627856966
506,clip-ViT-L-14,5.987416,probtag,0.3,0.5000827289523757,0.29003896688793596,0.00033086106592406737
507,clip-ViT-L-14,5.987416,probtag,0.4,0.5000689407936464,0.29001938553721435,0.00027572515716333963
508,clip-ViT-L-14,5.987416,probtag,0.5,0.5000413644761879,0.2899802228357712,0.00016544421772459052
509,clip-ViT-L-14,5.987416,probtag,0.6,0.5000275763174585,0.28996064148504963,0.00011029918654349926
510,clip-ViT-L-14,5.987416,probtag,0.7,0.5000275763174585,0.28996064148504963,0.00011029918654349926
511,clip-ViT-L-14,5.987416,probtag,0.8,0.5000275763174585,0.28996064148504963,0.00011029918654349926
512,clip-ViT-L-14,5.987416,probtag,0.9,0.5,0.28992147878360647,0.0
513,clip-ViT-L-14,5.987416,nnpu,0.1,0.5020958001268511,0.29289784409328556,0.008348208155979678
514,clip-ViT-L-14,5.987416,nnpu,0.2,0.5329497154549063,0.3371125340225969,0.1252680809281414
515,clip-ViT-L-14,5.987416,nnpu,0.3,0.6043447706237264,0.4438113141044469,0.3620519270505795
516,clip-ViT-L-14,5.987416,nnpu,0.4,0.668812879651866,0.550235955276195,0.5496892583370909
517,clip-ViT-L-14,5.987416,nnpu,0.5,0.7357699562066995,0.6948442303550099,0.7481658640638634
518,clip-ViT-L-14,5.987416,nnpu,0.6,0.7415692356531322,0.767667273688539,0.8308696705771671
519,clip-ViT-L-14,5.987416,nnpu,0.7,0.7127615432395633,0.7821770545732245,0.8512834224598931
520,clip-ViT-L-14,5.987416,nnpu,0.8,0.5653777484835643,0.7431905852865731,0.845365686864042
521,clip-ViT-L-14,5.987416,nnpu,0.9,0.5343882880865366,0.7282108519845699,0.8387808674239785
522,clip-ViT-L-14,6.129032,probtag,0.1,0.5000827289523757,0.29003896688793596,0.00033086106592406737
523,clip-ViT-L-14,6.129032,probtag,0.2,0.5000137881587293,0.2899410601343281,5.515111405250386e-05
524,clip-ViT-L-14,6.129032,probtag,0.3,0.5000137881587293,0.2899410601343281,5.515111405250386e-05
525,clip-ViT-L-14,6.129032,probtag,0.4,0.5,0.28992147878360647,0.0
526,clip-ViT-L-14,6.129032,probtag,0.5,0.5,0.28992147878360647,0.0
527,clip-ViT-L-14,6.129032,probtag,0.6,0.5,0.28992147878360647,0.0
528,clip-ViT-L-14,6.129032,probtag,0.7,0.5,0.28992147878360647,0.0
529,clip-ViT-L-14,6.129032,probtag,0.8,0.5,0.28992147878360647,0.0
530,clip-ViT-L-14,6.129032,probtag,0.9,0.5,0.28992147878360647,0.0
531,clip-ViT-L-14,6.129032,nnpu,0.1,0.5067224276841433,0.2994967592864556,0.026663764488218975
532,clip-ViT-L-14,6.129032,nnpu,0.2,0.5156551625866785,0.3123812880612505,0.06172179768075669
533,clip-ViT-L-14,6.129032,nnpu,0.3,0.577098279406534,0.4022792692239911,0.27671018647963413
534,clip-ViT-L-14,6.129032,nnpu,0.4,0.6476800203925434,0.5136971548297402,0.48984203282594857
535,clip-ViT-L-14,6.129032,nnpu,0.5,0.7328239586189996,0.6866592257533924,0.7384524860253016
536,clip-ViT-L-14,6.129032,nnpu,0.6,0.724014017113312,0.7711135914155358,0.8383912400282044
537,clip-ViT-L-14,6.129032,nnpu,0.7,0.705693416075795,0.7784957606375688,0.8492938982147615
538,clip-ViT-L-14,6.129032,nnpu,0.8,0.6033425225336378,0.7587969218116666,0.8514292606440719
539,clip-ViT-L-14,6.129032,nnpu,0.9,0.5103480280264041,0.7158354383285359,0.8331877327693227
540,clip-ViT-L-14,6.307692,probtag,0.1,0.5,0.28992147878360647,0.0
541,clip-ViT-L-14,6.307692,probtag,0.2,0.5,0.28992147878360647,0.0
542,clip-ViT-L-14,6.307692,probtag,0.3,0.5,0.28992147878360647,0.0
543,clip-ViT-L-14,6.307692,probtag,0.4,0.5,0.28992147878360647,0.0
544,clip-ViT-L-14,6.307692,probtag,0.5,0.5,0.28992147878360647,0.0
545,clip-ViT-L-14,6.307692,probtag,0.6,0.5,0.28992147878360647,0.0
546,clip-ViT-L-14,6.307692,probtag,0.7,0.5,0.28992147878360647,0.0
547,clip-ViT-L-14,6.307692,probtag,0.8,0.5,0.28992147878360647,0.0
548,clip-ViT-L-14,6.307692,probtag,0.9,0.5,0.28992147878360647,0.0
549,clip-ViT-L-14,6.307692,nnpu,0.1,0.501461544825304,0.2919971019600932,0.0058291402018202315
550,clip-ViT-L-14,6.307692,nnpu,0.2,0.5160935824515446,0.3128904031800114,0.06286721504112808
551,clip-ViT-L-14,6.307692,nnpu,0.3,0.5969307251354528,0.4328849204018093,0.34084391642769357
552,clip-ViT-L-14,6.307692,nnpu,0.4,0.6096330742804709,0.4527404100334841,0.38003549245785273
553,clip-ViT-L-14,6.307692,nnpu,0.5,0.668732485355301,0.55440678297989,0.5583245992003416
554,clip-ViT-L-14,6.307692,nnpu,0.6,0.7364631329313831,0.7325774931954806,0.7943191915540897
555,clip-ViT-L-14,6.307692,nnpu,0.7,0.7302188086733601,0.7209853335683095,0.7828392897965405
556,clip-ViT-L-14,6.307692,nnpu,0.8,0.6838505457985733,0.7591102234232118,0.8357324075310455
557,clip-ViT-L-14,6.307692,nnpu,0.9,0.5977592206341898,0.7478313654075858,0.8432112593746957
558,clip-ViT-L-14,6.574194,probtag,0.1,0.5,0.28992147878360647,0.0
559,clip-ViT-L-14,6.574194,probtag,0.2,0.5,0.28992147878360647,0.0
560,clip-ViT-L-14,6.574194,probtag,0.3,0.5,0.28992147878360647,0.0
561,clip-ViT-L-14,6.574194,probtag,0.4,0.5,0.28992147878360647,0.0
562,clip-ViT-L-14,6.574194,probtag,0.5,0.5,0.28992147878360647,0.0
563,clip-ViT-L-14,6.574194,probtag,0.6,0.5,0.28992147878360647,0.0
564,clip-ViT-L-14,6.574194,probtag,0.7,0.5,0.28992147878360647,0.0
565,clip-ViT-L-14,6.574194,probtag,0.8,0.5,0.28992147878360647,0.0
566,clip-ViT-L-14,6.574194,probtag,0.9,0.5,0.28992147878360647,0.0
567,clip-ViT-L-14,6.574194,nnpu,0.1,0.5003998566031492,0.2904893379545321,0.0015981483522539402
568,clip-ViT-L-14,6.574194,nnpu,0.2,0.5098061820709914,0.3039613072509742,0.03898561695685088
569,clip-ViT-L-14,6.574194,nnpu,0.3,0.5096668998764631,0.3037067496915937,0.0381920965080739
570,clip-ViT-L-14,6.574194,nnpu,0.4,0.5695831415522696,0.39186199064011434,0.25503130322147327
571,clip-ViT-L-14,6.574194,nnpu,0.5,0.5654297311271053,0.3866729326988976,0.24477986208226837
572,clip-ViT-L-14,6.574194,nnpu,0.6,0.6158773678070851,0.4696391157062014,0.41763959663721
573,clip-ViT-L-14,6.574194,nnpu,0.7,0.6535573250233021,0.5330826920440972,0.5273444468671332
574,clip-ViT-L-14,6.574194,nnpu,0.8,0.6596793615558398,0.5509996279543363,0.5591571499980775
575,clip-ViT-L-14,6.574194,nnpu,0.9,0.6918487553233738,0.6098807495741057,0.6439205733588318
576,clip-ViT-L-14,7.069421,probtag,0.1,0.5,0.28992147878360647,0.0
577,clip-ViT-L-14,7.069421,probtag,0.2,0.5,0.28992147878360647,0.0
578,clip-ViT-L-14,7.069421,probtag,0.3,0.5,0.28992147878360647,0.0
579,clip-ViT-L-14,7.069421,probtag,0.4,0.5,0.28992147878360647,0.0
580,clip-ViT-L-14,7.069421,probtag,0.5,0.5,0.28992147878360647,0.0
581,clip-ViT-L-14,7.069421,probtag,0.6,0.5,0.28992147878360647,0.0
582,clip-ViT-L-14,7.069421,probtag,0.7,0.5,0.28992147878360647,0.0
583,clip-ViT-L-14,7.069421,probtag,0.8,0.5,0.28992147878360647,0.0
584,clip-ViT-L-14,7.069421,probtag,0.9,0.5,0.28992147878360647,0.0
585,clip-ViT-L-14,7.069421,nnpu,0.1,0.5,0.28992147878360647,0.0
586,clip-ViT-L-14,7.069421,nnpu,0.2,0.5000551526349172,0.2899998041864928,0.00022058620784735434
587,clip-ViT-L-14,7.069421,nnpu,0.3,0.50019303422221,0.2901956176937085,0.0007718389061940073
588,clip-ViT-L-14,7.069421,nnpu,0.4,0.5002971457162974,0.29037184985020265,0.001322751322751323
589,clip-ViT-L-14,7.069421,nnpu,0.5,0.5060110458591627,0.29871350525759266,0.024938742172610946
590,clip-ViT-L-14,7.069421,nnpu,0.6,0.5043570581584536,0.29610918561162347,0.017277672981765493
591,clip-ViT-L-14,7.069421,nnpu,0.7,0.5023715633014367,0.293289471107717,0.009441471112940853
592,clip-ViT-L-14,7.069421,nnpu,0.8,0.5164846619781016,0.3139282147682547,0.06645173323386001
593,clip-ViT-L-14,7.069421,nnpu,0.9,0.5049265744880607,0.29708825314770215,0.020305122676782836
